Treatment_Group,Stage,Mean_Involvement,Median_Involvement,Std_Involvement,Count
Active,pre,9.453922288146888,8.955483019654142,3.6788874933083067,74
Active,stim,9.361382419233657,9.45899020765331,4.140901910909414,55
Active,post,9.404062150780673,9.29925689283978,3.7523908985538146,88
SHAM,pre,0.0,0.0,0.0,0
SHAM,stim,0.0,0.0,0.0,0
SHAM,post,0.0,0.0,0.0,0
